experiment,game,method,seed,budget,best_welfare,payoff_dominant_found
restart_selection,stag_hunt,standard_pg,0,1,3.9778675185422916,0
restart_selection,stag_hunt,standard_pg,0,2,3.9778675185422916,0
restart_selection,stag_hunt,standard_pg,0,3,7.726913748861619,1
restart_selection,stag_hunt,standard_pg,0,4,7.743458415669476,1
restart_selection,stag_hunt,standard_pg,0,5,7.743458415669476,1
restart_selection,stag_hunt,standard_pg,0,6,7.743458415669476,1
restart_selection,stag_hunt,standard_pg,0,7,7.743458415669476,1
restart_selection,stag_hunt,standard_pg,0,8,7.743458415669476,1
restart_selection,stag_hunt,standard_pg,0,9,7.743458415669476,1
restart_selection,stag_hunt,standard_pg,0,10,7.743458415669476,1
restart_selection,stag_hunt,standard_pg,0,11,7.743458415669476,1
restart_selection,stag_hunt,standard_pg,0,12,7.743458415669476,1
restart_selection,stag_hunt,standard_pg,1,1,3.9746179389941867,0
restart_selection,stag_hunt,standard_pg,1,2,7.522966932321134,1
restart_selection,stag_hunt,standard_pg,1,3,7.748692987305197,1
restart_selection,stag_hunt,standard_pg,1,4,7.748692987305197,1
restart_selection,stag_hunt,standard_pg,1,5,7.748692987305197,1
restart_selection,stag_hunt,standard_pg,1,6,7.748692987305197,1
restart_selection,stag_hunt,standard_pg,1,7,7.748692987305197,1
restart_selection,stag_hunt,standard_pg,1,8,7.748692987305197,1
restart_selection,stag_hunt,standard_pg,1,9,7.748692987305197,1
restart_selection,stag_hunt,standard_pg,1,10,7.748692987305197,1
restart_selection,stag_hunt,standard_pg,1,11,7.748692987305197,1
restart_selection,stag_hunt,standard_pg,1,12,7.748692987305197,1
restart_selection,stag_hunt,standard_pg,2,1,3.9721357117842633,0
restart_selection,stag_hunt,standard_pg,2,2,7.650571136674332,1
restart_selection,stag_hunt,standard_pg,2,3,7.650571136674332,1
restart_selection,stag_hunt,standard_pg,2,4,7.650571136674332,1
restart_selection,stag_hunt,standard_pg,2,5,7.650571136674332,1
restart_selection,stag_hunt,standard_pg,2,6,7.749263377396945,1
restart_selection,stag_hunt,standard_pg,2,7,7.749263377396945,1
restart_selection,stag_hunt,standard_pg,2,8,7.749263377396945,1
restart_selection,stag_hunt,standard_pg,2,9,7.749263377396945,1
restart_selection,stag_hunt,standard_pg,2,10,7.749263377396945,1
restart_selection,stag_hunt,standard_pg,2,11,7.749263377396945,1
restart_selection,stag_hunt,standard_pg,2,12,7.749263377396945,1
restart_selection,stag_hunt,standard_pg,3,1,7.766119230484497,1
restart_selection,stag_hunt,standard_pg,3,2,7.766119230484497,1
restart_selection,stag_hunt,standard_pg,3,3,7.774252016390721,1
restart_selection,stag_hunt,standard_pg,3,4,7.774252016390721,1
restart_selection,stag_hunt,standard_pg,3,5,7.774252016390721,1
restart_selection,stag_hunt,standard_pg,3,6,7.774252016390721,1
restart_selection,stag_hunt,standard_pg,3,7,7.774252016390721,1
restart_selection,stag_hunt,standard_pg,3,8,7.774252016390721,1
restart_selection,stag_hunt,standard_pg,3,9,7.774252016390721,1
restart_selection,stag_hunt,standard_pg,3,10,7.774252016390721,1
restart_selection,stag_hunt,standard_pg,3,11,7.774252016390721,1
restart_selection,stag_hunt,standard_pg,3,12,7.774252016390721,1
restart_selection,stag_hunt,standard_pg,4,1,3.9735815964046663,0
restart_selection,stag_hunt,standard_pg,4,2,3.97552511861227,0
restart_selection,stag_hunt,standard_pg,4,3,3.97552511861227,0
restart_selection,stag_hunt,standard_pg,4,4,7.6951501757487435,1
restart_selection,stag_hunt,standard_pg,4,5,7.6951501757487435,1
restart_selection,stag_hunt,standard_pg,4,6,7.6951501757487435,1
restart_selection,stag_hunt,standard_pg,4,7,7.6951501757487435,1
restart_selection,stag_hunt,standard_pg,4,8,7.71544402562621,1
restart_selection,stag_hunt,standard_pg,4,9,7.71544402562621,1
restart_selection,stag_hunt,standard_pg,4,10,7.71544402562621,1
restart_selection,stag_hunt,standard_pg,4,11,7.71544402562621,1
restart_selection,stag_hunt,standard_pg,4,12,7.776522455604385,1
restart_selection,stag_hunt,standard_pg,5,1,3.9650845062296263,0
restart_selection,stag_hunt,standard_pg,5,2,7.6148979258706655,1
restart_selection,stag_hunt,standard_pg,5,3,7.6148979258706655,1
restart_selection,stag_hunt,standard_pg,5,4,7.6148979258706655,1
restart_selection,stag_hunt,standard_pg,5,5,7.6148979258706655,1
restart_selection,stag_hunt,standard_pg,5,6,7.6148979258706655,1
restart_selection,stag_hunt,standard_pg,5,7,7.6148979258706655,1
restart_selection,stag_hunt,standard_pg,5,8,7.6148979258706655,1
restart_selection,stag_hunt,standard_pg,5,9,7.6148979258706655,1
restart_selection,stag_hunt,standard_pg,5,10,7.6148979258706655,1
restart_selection,stag_hunt,standard_pg,5,11,7.756030179116415,1
restart_selection,stag_hunt,standard_pg,5,12,7.756030179116415,1
restart_selection,stag_hunt,standard_pg,6,1,3.9377200203638685,0
restart_selection,stag_hunt,standard_pg,6,2,3.969866232308347,0
restart_selection,stag_hunt,standard_pg,6,3,7.644649317293947,1
restart_selection,stag_hunt,standard_pg,6,4,7.644649317293947,1
restart_selection,stag_hunt,standard_pg,6,5,7.7754100215358,1
restart_selection,stag_hunt,standard_pg,6,6,7.7754100215358,1
restart_selection,stag_hunt,standard_pg,6,7,7.7754100215358,1
restart_selection,stag_hunt,standard_pg,6,8,7.7754100215358,1
restart_selection,stag_hunt,standard_pg,6,9,7.7754100215358,1
restart_selection,stag_hunt,standard_pg,6,10,7.7754100215358,1
restart_selection,stag_hunt,standard_pg,6,11,7.7754100215358,1
restart_selection,stag_hunt,standard_pg,6,12,7.7754100215358,1
restart_selection,stag_hunt,standard_pg,7,1,3.976292778518104,0
restart_selection,stag_hunt,standard_pg,7,2,3.976292778518104,0
restart_selection,stag_hunt,standard_pg,7,3,3.976292778518104,0
restart_selection,stag_hunt,standard_pg,7,4,7.728920660541787,1
restart_selection,stag_hunt,standard_pg,7,5,7.728920660541787,1
restart_selection,stag_hunt,standard_pg,7,6,7.728920660541787,1
restart_selection,stag_hunt,standard_pg,7,7,7.728920660541787,1
restart_selection,stag_hunt,standard_pg,7,8,7.728920660541787,1
restart_selection,stag_hunt,standard_pg,7,9,7.728920660541787,1
restart_selection,stag_hunt,standard_pg,7,10,7.728920660541787,1
restart_selection,stag_hunt,standard_pg,7,11,7.728920660541787,1
restart_selection,stag_hunt,standard_pg,7,12,7.728920660541787,1
restart_selection,stag_hunt,standard_pg,8,1,7.737120266410865,1
restart_selection,stag_hunt,standard_pg,8,2,7.737120266410865,1
restart_selection,stag_hunt,standard_pg,8,3,7.737120266410865,1
restart_selection,stag_hunt,standard_pg,8,4,7.737120266410865,1
restart_selection,stag_hunt,standard_pg,8,5,7.788113444005379,1
restart_selection,stag_hunt,standard_pg,8,6,7.788113444005379,1
restart_selection,stag_hunt,standard_pg,8,7,7.788113444005379,1
restart_selection,stag_hunt,standard_pg,8,8,7.788113444005379,1
restart_selection,stag_hunt,standard_pg,8,9,7.788113444005379,1
restart_selection,stag_hunt,standard_pg,8,10,7.788113444005379,1
restart_selection,stag_hunt,standard_pg,8,11,7.788113444005379,1
restart_selection,stag_hunt,standard_pg,8,12,7.788113444005379,1
restart_selection,stag_hunt,standard_pg,9,1,3.9728124782731973,0
restart_selection,stag_hunt,standard_pg,9,2,7.671226733663003,1
restart_selection,stag_hunt,standard_pg,9,3,7.671226733663003,1
restart_selection,stag_hunt,standard_pg,9,4,7.671226733663003,1
restart_selection,stag_hunt,standard_pg,9,5,7.671226733663003,1
restart_selection,stag_hunt,standard_pg,9,6,7.671226733663003,1
restart_selection,stag_hunt,standard_pg,9,7,7.753059240367987,1
restart_selection,stag_hunt,standard_pg,9,8,7.753059240367987,1
restart_selection,stag_hunt,standard_pg,9,9,7.753059240367987,1
restart_selection,stag_hunt,standard_pg,9,10,7.753059240367987,1
restart_selection,stag_hunt,standard_pg,9,11,7.753059240367987,1
restart_selection,stag_hunt,standard_pg,9,12,7.753059240367987,1
restart_selection,stag_hunt,standard_pg,10,1,3.9084047418379333,0
restart_selection,stag_hunt,standard_pg,10,2,3.963836657004089,0
restart_selection,stag_hunt,standard_pg,10,3,3.9740877372387207,0
restart_selection,stag_hunt,standard_pg,10,4,7.773631654570627,1
restart_selection,stag_hunt,standard_pg,10,5,7.773631654570627,1
restart_selection,stag_hunt,standard_pg,10,6,7.773631654570627,1
restart_selection,stag_hunt,standard_pg,10,7,7.790715995423146,1
restart_selection,stag_hunt,standard_pg,10,8,7.790715995423146,1
restart_selection,stag_hunt,standard_pg,10,9,7.790715995423146,1
restart_selection,stag_hunt,standard_pg,10,10,7.790715995423146,1
restart_selection,stag_hunt,standard_pg,10,11,7.790715995423146,1
restart_selection,stag_hunt,standard_pg,10,12,7.790715995423146,1
restart_selection,stag_hunt,standard_pg,11,1,3.966441147352075,0
restart_selection,stag_hunt,standard_pg,11,2,3.974136715347421,0
restart_selection,stag_hunt,standard_pg,11,3,3.974136715347421,0
restart_selection,stag_hunt,standard_pg,11,4,3.974136715347421,0
restart_selection,stag_hunt,standard_pg,11,5,3.974136715347421,0
restart_selection,stag_hunt,standard_pg,11,6,3.974136715347421,0
restart_selection,stag_hunt,standard_pg,11,7,3.975813832510926,0
restart_selection,stag_hunt,standard_pg,11,8,3.975813832510926,0
restart_selection,stag_hunt,standard_pg,11,9,7.6460416327094265,1
restart_selection,stag_hunt,standard_pg,11,10,7.6460416327094265,1
restart_selection,stag_hunt,standard_pg,11,11,7.6460416327094265,1
restart_selection,stag_hunt,standard_pg,11,12,7.6460416327094265,1
restart_selection,stag_hunt,standard_pg,12,1,7.728373155291708,1
restart_selection,stag_hunt,standard_pg,12,2,7.728373155291708,1
restart_selection,stag_hunt,standard_pg,12,3,7.728373155291708,1
restart_selection,stag_hunt,standard_pg,12,4,7.728373155291708,1
restart_selection,stag_hunt,standard_pg,12,5,7.796677089139752,1
restart_selection,stag_hunt,standard_pg,12,6,7.796677089139752,1
restart_selection,stag_hunt,standard_pg,12,7,7.796677089139752,1
restart_selection,stag_hunt,standard_pg,12,8,7.796677089139752,1
restart_selection,stag_hunt,standard_pg,12,9,7.796677089139752,1
restart_selection,stag_hunt,standard_pg,12,10,7.796677089139752,1
restart_selection,stag_hunt,standard_pg,12,11,7.796677089139752,1
restart_selection,stag_hunt,standard_pg,12,12,7.796677089139752,1
restart_selection,stag_hunt,standard_pg,13,1,7.753684130211333,1
restart_selection,stag_hunt,standard_pg,13,2,7.753684130211333,1
restart_selection,stag_hunt,standard_pg,13,3,7.753684130211333,1
restart_selection,stag_hunt,standard_pg,13,4,7.753684130211333,1
restart_selection,stag_hunt,standard_pg,13,5,7.753684130211333,1
restart_selection,stag_hunt,standard_pg,13,6,7.753684130211333,1
restart_selection,stag_hunt,standard_pg,13,7,7.753684130211333,1
restart_selection,stag_hunt,standard_pg,13,8,7.753684130211333,1
restart_selection,stag_hunt,standard_pg,13,9,7.753684130211333,1
restart_selection,stag_hunt,standard_pg,13,10,7.753684130211333,1
restart_selection,stag_hunt,standard_pg,13,11,7.753684130211333,1
restart_selection,stag_hunt,standard_pg,13,12,7.753684130211333,1
restart_selection,stag_hunt,standard_pg,14,1,3.964699830431476,0
restart_selection,stag_hunt,standard_pg,14,2,3.9758977490995107,0
restart_selection,stag_hunt,standard_pg,14,3,3.9758977490995107,0
restart_selection,stag_hunt,standard_pg,14,4,3.9758977490995107,0
restart_selection,stag_hunt,standard_pg,14,5,7.699861775004729,1
restart_selection,stag_hunt,standard_pg,14,6,7.699861775004729,1
restart_selection,stag_hunt,standard_pg,14,7,7.699861775004729,1
restart_selection,stag_hunt,standard_pg,14,8,7.699861775004729,1
restart_selection,stag_hunt,standard_pg,14,9,7.699861775004729,1
restart_selection,stag_hunt,standard_pg,14,10,7.699861775004729,1
restart_selection,stag_hunt,standard_pg,14,11,7.699861775004729,1
restart_selection,stag_hunt,standard_pg,14,12,7.699861775004729,1
restart_selection,stag_hunt,standard_pg,15,1,7.4263221660336605,1
restart_selection,stag_hunt,standard_pg,15,2,7.657613835432233,1
restart_selection,stag_hunt,standard_pg,15,3,7.657613835432233,1
restart_selection,stag_hunt,standard_pg,15,4,7.657613835432233,1
restart_selection,stag_hunt,standard_pg,15,5,7.781849291394437,1
restart_selection,stag_hunt,standard_pg,15,6,7.781849291394437,1
restart_selection,stag_hunt,standard_pg,15,7,7.781849291394437,1
restart_selection,stag_hunt,standard_pg,15,8,7.781849291394437,1
restart_selection,stag_hunt,standard_pg,15,9,7.781849291394437,1
restart_selection,stag_hunt,standard_pg,15,10,7.781849291394437,1
restart_selection,stag_hunt,standard_pg,15,11,7.781849291394437,1
restart_selection,stag_hunt,standard_pg,15,12,7.781849291394437,1
restart_selection,stag_hunt,standard_pg,16,1,3.976292510167566,0
restart_selection,stag_hunt,standard_pg,16,2,3.976292510167566,0
restart_selection,stag_hunt,standard_pg,16,3,3.976292510167566,0
restart_selection,stag_hunt,standard_pg,16,4,3.9773360997004032,0
restart_selection,stag_hunt,standard_pg,16,5,3.9778675216903823,0
restart_selection,stag_hunt,standard_pg,16,6,3.9778675216903823,0
restart_selection,stag_hunt,standard_pg,16,7,3.9778675216903823,0
restart_selection,stag_hunt,standard_pg,16,8,3.9778675216903823,0
restart_selection,stag_hunt,standard_pg,16,9,3.9778675216903823,0
restart_selection,stag_hunt,standard_pg,16,10,3.9778675216903823,0
restart_selection,stag_hunt,standard_pg,16,11,3.9778675216903823,0
restart_selection,stag_hunt,standard_pg,16,12,3.9778675216903823,0
restart_selection,stag_hunt,standard_pg,17,1,3.976467867164809,0
restart_selection,stag_hunt,standard_pg,17,2,7.735830590825942,1
restart_selection,stag_hunt,standard_pg,17,3,7.735830590825942,1
restart_selection,stag_hunt,standard_pg,17,4,7.735830590825942,1
restart_selection,stag_hunt,standard_pg,17,5,7.735830590825942,1
restart_selection,stag_hunt,standard_pg,17,6,7.735830590825942,1
restart_selection,stag_hunt,standard_pg,17,7,7.735830590825942,1
restart_selection,stag_hunt,standard_pg,17,8,7.735830590825942,1
restart_selection,stag_hunt,standard_pg,17,9,7.735830590825942,1
restart_selection,stag_hunt,standard_pg,17,10,7.735830590825942,1
restart_selection,stag_hunt,standard_pg,17,11,7.785658105260503,1
restart_selection,stag_hunt,standard_pg,17,12,7.785658105260503,1
restart_selection,stag_hunt,standard_pg,18,1,3.9697865472493286,0
restart_selection,stag_hunt,standard_pg,18,2,3.9697865472493286,0
restart_selection,stag_hunt,standard_pg,18,3,3.974950620426357,0
restart_selection,stag_hunt,standard_pg,18,4,3.974950620426357,0
restart_selection,stag_hunt,standard_pg,18,5,3.974950620426357,0
restart_selection,stag_hunt,standard_pg,18,6,7.7791893110928285,1
restart_selection,stag_hunt,standard_pg,18,7,7.7791893110928285,1
restart_selection,stag_hunt,standard_pg,18,8,7.7791893110928285,1
restart_selection,stag_hunt,standard_pg,18,9,7.7791893110928285,1
restart_selection,stag_hunt,standard_pg,18,10,7.7791893110928285,1
restart_selection,stag_hunt,standard_pg,18,11,7.7791893110928285,1
restart_selection,stag_hunt,standard_pg,18,12,7.7791893110928285,1
restart_selection,stag_hunt,standard_pg,19,1,7.667240373261407,1
restart_selection,stag_hunt,standard_pg,19,2,7.763604511556599,1
restart_selection,stag_hunt,standard_pg,19,3,7.763604511556599,1
restart_selection,stag_hunt,standard_pg,19,4,7.763604511556599,1
restart_selection,stag_hunt,standard_pg,19,5,7.763604511556599,1
restart_selection,stag_hunt,standard_pg,19,6,7.763604511556599,1
restart_selection,stag_hunt,standard_pg,19,7,7.763604511556599,1
restart_selection,stag_hunt,standard_pg,19,8,7.763604511556599,1
restart_selection,stag_hunt,standard_pg,19,9,7.763604511556599,1
restart_selection,stag_hunt,standard_pg,19,10,7.763604511556599,1
restart_selection,stag_hunt,standard_pg,19,11,7.7675124641075435,1
restart_selection,stag_hunt,standard_pg,19,12,7.7675124641075435,1
restart_selection,stag_hunt,standard_pg,20,1,3.97133030047163,0
restart_selection,stag_hunt,standard_pg,20,2,3.97347133375686,0
restart_selection,stag_hunt,standard_pg,20,3,7.750234149994611,1
restart_selection,stag_hunt,standard_pg,20,4,7.750234149994611,1
restart_selection,stag_hunt,standard_pg,20,5,7.750234149994611,1
restart_selection,stag_hunt,standard_pg,20,6,7.750234149994611,1
restart_selection,stag_hunt,standard_pg,20,7,7.750234149994611,1
restart_selection,stag_hunt,standard_pg,20,8,7.750234149994611,1
restart_selection,stag_hunt,standard_pg,20,9,7.750234149994611,1
restart_selection,stag_hunt,standard_pg,20,10,7.750234149994611,1
restart_selection,stag_hunt,standard_pg,20,11,7.750234149994611,1
restart_selection,stag_hunt,standard_pg,20,12,7.750234149994611,1
restart_selection,stag_hunt,standard_pg,21,1,3.971428988432407,0
restart_selection,stag_hunt,standard_pg,21,2,3.971428988432407,0
restart_selection,stag_hunt,standard_pg,21,3,7.805804347673494,1
restart_selection,stag_hunt,standard_pg,21,4,7.805804347673494,1
restart_selection,stag_hunt,standard_pg,21,5,7.805804347673494,1
restart_selection,stag_hunt,standard_pg,21,6,7.805804347673494,1
restart_selection,stag_hunt,standard_pg,21,7,7.805804347673494,1
restart_selection,stag_hunt,standard_pg,21,8,7.805804347673494,1
restart_selection,stag_hunt,standard_pg,21,9,7.805804347673494,1
restart_selection,stag_hunt,standard_pg,21,10,7.805804347673494,1
restart_selection,stag_hunt,standard_pg,21,11,7.805804347673494,1
restart_selection,stag_hunt,standard_pg,21,12,7.805804347673494,1
restart_selection,stag_hunt,standard_pg,22,1,7.726608322324633,1
restart_selection,stag_hunt,standard_pg,22,2,7.726608322324633,1
restart_selection,stag_hunt,standard_pg,22,3,7.726608322324633,1
restart_selection,stag_hunt,standard_pg,22,4,7.726608322324633,1
restart_selection,stag_hunt,standard_pg,22,5,7.726608322324633,1
restart_selection,stag_hunt,standard_pg,22,6,7.726608322324633,1
restart_selection,stag_hunt,standard_pg,22,7,7.726608322324633,1
restart_selection,stag_hunt,standard_pg,22,8,7.726608322324633,1
restart_selection,stag_hunt,standard_pg,22,9,7.726608322324633,1
restart_selection,stag_hunt,standard_pg,22,10,7.726608322324633,1
restart_selection,stag_hunt,standard_pg,22,11,7.726608322324633,1
restart_selection,stag_hunt,standard_pg,22,12,7.726608322324633,1
restart_selection,stag_hunt,standard_pg,23,1,7.749379377994337,1
restart_selection,stag_hunt,standard_pg,23,2,7.749379377994337,1
restart_selection,stag_hunt,standard_pg,23,3,7.749379377994337,1
restart_selection,stag_hunt,standard_pg,23,4,7.749379377994337,1
restart_selection,stag_hunt,standard_pg,23,5,7.749379377994337,1
restart_selection,stag_hunt,standard_pg,23,6,7.749379377994337,1
restart_selection,stag_hunt,standard_pg,23,7,7.749379377994337,1
restart_selection,stag_hunt,standard_pg,23,8,7.749379377994337,1
restart_selection,stag_hunt,standard_pg,23,9,7.749379377994337,1
restart_selection,stag_hunt,standard_pg,23,10,7.749379377994337,1
restart_selection,stag_hunt,standard_pg,23,11,7.749379377994337,1
restart_selection,stag_hunt,standard_pg,23,12,7.749379377994337,1
restart_selection,stag_hunt,standard_pg,24,1,3.9755376461765217,0
restart_selection,stag_hunt,standard_pg,24,2,7.794526562415134,1
restart_selection,stag_hunt,standard_pg,24,3,7.794526562415134,1
restart_selection,stag_hunt,standard_pg,24,4,7.794526562415134,1
restart_selection,stag_hunt,standard_pg,24,5,7.794526562415134,1
restart_selection,stag_hunt,standard_pg,24,6,7.794526562415134,1
restart_selection,stag_hunt,standard_pg,24,7,7.794526562415134,1
restart_selection,stag_hunt,standard_pg,24,8,7.794526562415134,1
restart_selection,stag_hunt,standard_pg,24,9,7.794526562415134,1
restart_selection,stag_hunt,standard_pg,24,10,7.794526562415134,1
restart_selection,stag_hunt,standard_pg,24,11,7.794526562415134,1
restart_selection,stag_hunt,standard_pg,24,12,7.794526562415134,1
restart_selection,stag_hunt,standard_pg,25,1,7.802763570993747,1
restart_selection,stag_hunt,standard_pg,25,2,7.802763570993747,1
restart_selection,stag_hunt,standard_pg,25,3,7.802763570993747,1
restart_selection,stag_hunt,standard_pg,25,4,7.802763570993747,1
restart_selection,stag_hunt,standard_pg,25,5,7.802763570993747,1
restart_selection,stag_hunt,standard_pg,25,6,7.802763570993747,1
restart_selection,stag_hunt,standard_pg,25,7,7.802763570993747,1
restart_selection,stag_hunt,standard_pg,25,8,7.802763570993747,1
restart_selection,stag_hunt,standard_pg,25,9,7.802763570993747,1
restart_selection,stag_hunt,standard_pg,25,10,7.802763570993747,1
restart_selection,stag_hunt,standard_pg,25,11,7.802763570993747,1
restart_selection,stag_hunt,standard_pg,25,12,7.802763570993747,1
restart_selection,stag_hunt,standard_pg,26,1,7.755413013987932,1
restart_selection,stag_hunt,standard_pg,26,2,7.755413013987932,1
restart_selection,stag_hunt,standard_pg,26,3,7.755413013987932,1
restart_selection,stag_hunt,standard_pg,26,4,7.755413013987932,1
restart_selection,stag_hunt,standard_pg,26,5,7.755413013987932,1
restart_selection,stag_hunt,standard_pg,26,6,7.755413013987932,1
restart_selection,stag_hunt,standard_pg,26,7,7.755413013987932,1
restart_selection,stag_hunt,standard_pg,26,8,7.755413013987932,1
restart_selection,stag_hunt,standard_pg,26,9,7.755413013987932,1
restart_selection,stag_hunt,standard_pg,26,10,7.755413013987932,1
restart_selection,stag_hunt,standard_pg,26,11,7.755413013987932,1
restart_selection,stag_hunt,standard_pg,26,12,7.755413013987932,1
restart_selection,stag_hunt,standard_pg,27,1,3.977956365439374,0
restart_selection,stag_hunt,standard_pg,27,2,3.977956365439374,0
restart_selection,stag_hunt,standard_pg,27,3,3.977956365439374,0
restart_selection,stag_hunt,standard_pg,27,4,3.977956365439374,0
restart_selection,stag_hunt,standard_pg,27,5,7.623368773261913,1
restart_selection,stag_hunt,standard_pg,27,6,7.623368773261913,1
restart_selection,stag_hunt,standard_pg,27,7,7.623368773261913,1
restart_selection,stag_hunt,standard_pg,27,8,7.623368773261913,1
restart_selection,stag_hunt,standard_pg,27,9,7.654355865136864,1
restart_selection,stag_hunt,standard_pg,27,10,7.654355865136864,1
restart_selection,stag_hunt,standard_pg,27,11,7.654355865136864,1
restart_selection,stag_hunt,standard_pg,27,12,7.657421878132166,1
restart_selection,stag_hunt,standard_pg,28,1,3.970796962466382,0
restart_selection,stag_hunt,standard_pg,28,2,3.9792058318365005,0
restart_selection,stag_hunt,standard_pg,28,3,3.9792058318365005,0
restart_selection,stag_hunt,standard_pg,28,4,3.9792058318365005,0
restart_selection,stag_hunt,standard_pg,28,5,3.9792058318365005,0
restart_selection,stag_hunt,standard_pg,28,6,3.9792058318365005,0
restart_selection,stag_hunt,standard_pg,28,7,3.9792058318365005,0
restart_selection,stag_hunt,standard_pg,28,8,7.704856148562783,1
restart_selection,stag_hunt,standard_pg,28,9,7.704856148562783,1
restart_selection,stag_hunt,standard_pg,28,10,7.704856148562783,1
restart_selection,stag_hunt,standard_pg,28,11,7.704856148562783,1
restart_selection,stag_hunt,standard_pg,28,12,7.704856148562783,1
restart_selection,stag_hunt,standard_pg,29,1,3.9684408723212266,0
restart_selection,stag_hunt,standard_pg,29,2,7.48624936869843,1
restart_selection,stag_hunt,standard_pg,29,3,7.48624936869843,1
restart_selection,stag_hunt,standard_pg,29,4,7.773380216552807,1
restart_selection,stag_hunt,standard_pg,29,5,7.773380216552807,1
restart_selection,stag_hunt,standard_pg,29,6,7.773380216552807,1
restart_selection,stag_hunt,standard_pg,29,7,7.773380216552807,1
restart_selection,stag_hunt,standard_pg,29,8,7.773380216552807,1
restart_selection,stag_hunt,standard_pg,29,9,7.773380216552807,1
restart_selection,stag_hunt,standard_pg,29,10,7.773380216552807,1
restart_selection,stag_hunt,standard_pg,29,11,7.773380216552807,1
restart_selection,stag_hunt,standard_pg,29,12,7.773380216552807,1
restart_selection,stag_hunt,standard_pg,30,1,3.954614693665035,0
restart_selection,stag_hunt,standard_pg,30,2,3.971714982667193,0
restart_selection,stag_hunt,standard_pg,30,3,3.9770308454024463,0
restart_selection,stag_hunt,standard_pg,30,4,3.9770308454024463,0
restart_selection,stag_hunt,standard_pg,30,5,3.9775597631245194,0
restart_selection,stag_hunt,standard_pg,30,6,3.9775597631245194,0
restart_selection,stag_hunt,standard_pg,30,7,3.9775597631245194,0
restart_selection,stag_hunt,standard_pg,30,8,3.9775597631245194,0
restart_selection,stag_hunt,standard_pg,30,9,3.9775597631245194,0
restart_selection,stag_hunt,standard_pg,30,10,3.9775597631245194,0
restart_selection,stag_hunt,standard_pg,30,11,3.9777763843423806,0
restart_selection,stag_hunt,standard_pg,30,12,3.9777763843423806,0
restart_selection,stag_hunt,standard_pg,31,1,3.9742776923876884,0
restart_selection,stag_hunt,standard_pg,31,2,7.395528645126735,1
restart_selection,stag_hunt,standard_pg,31,3,7.395528645126735,1
restart_selection,stag_hunt,standard_pg,31,4,7.395528645126735,1
restart_selection,stag_hunt,standard_pg,31,5,7.395528645126735,1
restart_selection,stag_hunt,standard_pg,31,6,7.395528645126735,1
restart_selection,stag_hunt,standard_pg,31,7,7.395528645126735,1
restart_selection,stag_hunt,standard_pg,31,8,7.395528645126735,1
restart_selection,stag_hunt,standard_pg,31,9,7.395528645126735,1
restart_selection,stag_hunt,standard_pg,31,10,7.706606414385341,1
restart_selection,stag_hunt,standard_pg,31,11,7.706606414385341,1
restart_selection,stag_hunt,standard_pg,31,12,7.706606414385341,1
restart_selection,stag_hunt,standard_pg,32,1,3.9693629635871988,0
restart_selection,stag_hunt,standard_pg,32,2,7.6559904423107845,1
restart_selection,stag_hunt,standard_pg,32,3,7.756880674793563,1
restart_selection,stag_hunt,standard_pg,32,4,7.756880674793563,1
restart_selection,stag_hunt,standard_pg,32,5,7.77362205338171,1
restart_selection,stag_hunt,standard_pg,32,6,7.77362205338171,1
restart_selection,stag_hunt,standard_pg,32,7,7.77362205338171,1
restart_selection,stag_hunt,standard_pg,32,8,7.77362205338171,1
restart_selection,stag_hunt,standard_pg,32,9,7.77362205338171,1
restart_selection,stag_hunt,standard_pg,32,10,7.77362205338171,1
restart_selection,stag_hunt,standard_pg,32,11,7.77362205338171,1
restart_selection,stag_hunt,standard_pg,32,12,7.77362205338171,1
restart_selection,stag_hunt,standard_pg,33,1,3.9752005574502522,0
restart_selection,stag_hunt,standard_pg,33,2,3.9752005574502522,0
restart_selection,stag_hunt,standard_pg,33,3,3.9752005574502522,0
restart_selection,stag_hunt,standard_pg,33,4,3.9752005574502522,0
restart_selection,stag_hunt,standard_pg,33,5,7.746495670310354,1
restart_selection,stag_hunt,standard_pg,33,6,7.746495670310354,1
restart_selection,stag_hunt,standard_pg,33,7,7.746495670310354,1
restart_selection,stag_hunt,standard_pg,33,8,7.746495670310354,1
restart_selection,stag_hunt,standard_pg,33,9,7.746495670310354,1
restart_selection,stag_hunt,standard_pg,33,10,7.746495670310354,1
restart_selection,stag_hunt,standard_pg,33,11,7.746495670310354,1
restart_selection,stag_hunt,standard_pg,33,12,7.746495670310354,1
restart_selection,stag_hunt,standard_pg,34,1,7.761670478257139,1
restart_selection,stag_hunt,standard_pg,34,2,7.805867450187915,1
restart_selection,stag_hunt,standard_pg,34,3,7.805867450187915,1
restart_selection,stag_hunt,standard_pg,34,4,7.805867450187915,1
restart_selection,stag_hunt,standard_pg,34,5,7.805867450187915,1
restart_selection,stag_hunt,standard_pg,34,6,7.805867450187915,1
restart_selection,stag_hunt,standard_pg,34,7,7.805867450187915,1
restart_selection,stag_hunt,standard_pg,34,8,7.805867450187915,1
restart_selection,stag_hunt,standard_pg,34,9,7.805867450187915,1
restart_selection,stag_hunt,standard_pg,34,10,7.805867450187915,1
restart_selection,stag_hunt,standard_pg,34,11,7.805867450187915,1
restart_selection,stag_hunt,standard_pg,34,12,7.805867450187915,1
restart_selection,stag_hunt,standard_pg,35,1,3.9756376131270246,0
restart_selection,stag_hunt,standard_pg,35,2,7.749279372676252,1
restart_selection,stag_hunt,standard_pg,35,3,7.749279372676252,1
restart_selection,stag_hunt,standard_pg,35,4,7.749279372676252,1
restart_selection,stag_hunt,standard_pg,35,5,7.749279372676252,1
restart_selection,stag_hunt,standard_pg,35,6,7.749279372676252,1
restart_selection,stag_hunt,standard_pg,35,7,7.749279372676252,1
restart_selection,stag_hunt,standard_pg,35,8,7.749279372676252,1
restart_selection,stag_hunt,standard_pg,35,9,7.749279372676252,1
restart_selection,stag_hunt,standard_pg,35,10,7.749279372676252,1
restart_selection,stag_hunt,standard_pg,35,11,7.749279372676252,1
restart_selection,stag_hunt,standard_pg,35,12,7.749279372676252,1
restart_selection,stag_hunt,standard_pg,36,1,3.9758517067461288,0
restart_selection,stag_hunt,standard_pg,36,2,3.9758517067461288,0
restart_selection,stag_hunt,standard_pg,36,3,3.9758517067461288,0
restart_selection,stag_hunt,standard_pg,36,4,3.9758517067461288,0
restart_selection,stag_hunt,standard_pg,36,5,3.9758517067461288,0
restart_selection,stag_hunt,standard_pg,36,6,7.227862817902768,1
restart_selection,stag_hunt,standard_pg,36,7,7.791362132477948,1
restart_selection,stag_hunt,standard_pg,36,8,7.791362132477948,1
restart_selection,stag_hunt,standard_pg,36,9,7.791362132477948,1
restart_selection,stag_hunt,standard_pg,36,10,7.791362132477948,1
restart_selection,stag_hunt,standard_pg,36,11,7.791362132477948,1
restart_selection,stag_hunt,standard_pg,36,12,7.791362132477948,1
restart_selection,stag_hunt,standard_pg,37,1,3.9745690267041933,0
restart_selection,stag_hunt,standard_pg,37,2,3.9745690267041933,0
restart_selection,stag_hunt,standard_pg,37,3,7.7644807757951515,1
restart_selection,stag_hunt,standard_pg,37,4,7.7644807757951515,1
restart_selection,stag_hunt,standard_pg,37,5,7.7644807757951515,1
restart_selection,stag_hunt,standard_pg,37,6,7.7644807757951515,1
restart_selection,stag_hunt,standard_pg,37,7,7.7644807757951515,1
restart_selection,stag_hunt,standard_pg,37,8,7.7644807757951515,1
restart_selection,stag_hunt,standard_pg,37,9,7.7644807757951515,1
restart_selection,stag_hunt,standard_pg,37,10,7.7644807757951515,1
restart_selection,stag_hunt,standard_pg,37,11,7.7644807757951515,1
restart_selection,stag_hunt,standard_pg,37,12,7.7644807757951515,1
restart_selection,stag_hunt,standard_pg,38,1,7.54809993723332,1
restart_selection,stag_hunt,standard_pg,38,2,7.652591171530728,1
restart_selection,stag_hunt,standard_pg,38,3,7.652591171530728,1
restart_selection,stag_hunt,standard_pg,38,4,7.652591171530728,1
restart_selection,stag_hunt,standard_pg,38,5,7.652591171530728,1
restart_selection,stag_hunt,standard_pg,38,6,7.652591171530728,1
restart_selection,stag_hunt,standard_pg,38,7,7.652591171530728,1
restart_selection,stag_hunt,standard_pg,38,8,7.745956287984413,1
restart_selection,stag_hunt,standard_pg,38,9,7.745956287984413,1
restart_selection,stag_hunt,standard_pg,38,10,7.83246514510412,1
restart_selection,stag_hunt,standard_pg,38,11,7.83246514510412,1
restart_selection,stag_hunt,standard_pg,38,12,7.83246514510412,1
restart_selection,stag_hunt,standard_pg,39,1,3.9743507096469264,0
restart_selection,stag_hunt,standard_pg,39,2,3.9743507096469264,0
restart_selection,stag_hunt,standard_pg,39,3,3.9743507096469264,0
restart_selection,stag_hunt,standard_pg,39,4,3.977228972018912,0
restart_selection,stag_hunt,standard_pg,39,5,7.701016309981787,1
restart_selection,stag_hunt,standard_pg,39,6,7.701016309981787,1
restart_selection,stag_hunt,standard_pg,39,7,7.701016309981787,1
restart_selection,stag_hunt,standard_pg,39,8,7.701016309981787,1
restart_selection,stag_hunt,standard_pg,39,9,7.701016309981787,1
restart_selection,stag_hunt,standard_pg,39,10,7.701016309981787,1
restart_selection,stag_hunt,standard_pg,39,11,7.701016309981787,1
restart_selection,stag_hunt,standard_pg,39,12,7.701016309981787,1
restart_selection,stag_hunt,standard_pg,40,1,3.9678057817888117,0
restart_selection,stag_hunt,standard_pg,40,2,7.457594041860602,1
restart_selection,stag_hunt,standard_pg,40,3,7.457594041860602,1
restart_selection,stag_hunt,standard_pg,40,4,7.457594041860602,1
restart_selection,stag_hunt,standard_pg,40,5,7.457594041860602,1
restart_selection,stag_hunt,standard_pg,40,6,7.741385124238203,1
restart_selection,stag_hunt,standard_pg,40,7,7.741385124238203,1
restart_selection,stag_hunt,standard_pg,40,8,7.741385124238203,1
restart_selection,stag_hunt,standard_pg,40,9,7.741385124238203,1
restart_selection,stag_hunt,standard_pg,40,10,7.741385124238203,1
restart_selection,stag_hunt,standard_pg,40,11,7.741385124238203,1
restart_selection,stag_hunt,standard_pg,40,12,7.741385124238203,1
restart_selection,stag_hunt,standard_pg,41,1,7.136304012138183,1
restart_selection,stag_hunt,standard_pg,41,2,7.136304012138183,1
restart_selection,stag_hunt,standard_pg,41,3,7.810414740530822,1
restart_selection,stag_hunt,standard_pg,41,4,7.810414740530822,1
restart_selection,stag_hunt,standard_pg,41,5,7.810414740530822,1
restart_selection,stag_hunt,standard_pg,41,6,7.810414740530822,1
restart_selection,stag_hunt,standard_pg,41,7,7.810414740530822,1
restart_selection,stag_hunt,standard_pg,41,8,7.810414740530822,1
restart_selection,stag_hunt,standard_pg,41,9,7.810414740530822,1
restart_selection,stag_hunt,standard_pg,41,10,7.810414740530822,1
restart_selection,stag_hunt,standard_pg,41,11,7.810414740530822,1
restart_selection,stag_hunt,standard_pg,41,12,7.810414740530822,1
restart_selection,stag_hunt,standard_pg,42,1,3.9745769335095025,0
restart_selection,stag_hunt,standard_pg,42,2,3.976601856228375,0
restart_selection,stag_hunt,standard_pg,42,3,3.976601856228375,0
restart_selection,stag_hunt,standard_pg,42,4,7.7247589795552685,1
restart_selection,stag_hunt,standard_pg,42,5,7.7247589795552685,1
restart_selection,stag_hunt,standard_pg,42,6,7.7247589795552685,1
restart_selection,stag_hunt,standard_pg,42,7,7.7247589795552685,1
restart_selection,stag_hunt,standard_pg,42,8,7.7247589795552685,1
restart_selection,stag_hunt,standard_pg,42,9,7.7247589795552685,1
restart_selection,stag_hunt,standard_pg,42,10,7.7247589795552685,1
restart_selection,stag_hunt,standard_pg,42,11,7.740938106852678,1
restart_selection,stag_hunt,standard_pg,42,12,7.740938106852678,1
restart_selection,stag_hunt,standard_pg,43,1,3.9719250381586395,0
restart_selection,stag_hunt,standard_pg,43,2,7.112574231376858,1
restart_selection,stag_hunt,standard_pg,43,3,7.485669542725972,1
restart_selection,stag_hunt,standard_pg,43,4,7.485669542725972,1
restart_selection,stag_hunt,standard_pg,43,5,7.485669542725972,1
restart_selection,stag_hunt,standard_pg,43,6,7.485669542725972,1
restart_selection,stag_hunt,standard_pg,43,7,7.485669542725972,1
restart_selection,stag_hunt,standard_pg,43,8,7.485669542725972,1
restart_selection,stag_hunt,standard_pg,43,9,7.485669542725972,1
restart_selection,stag_hunt,standard_pg,43,10,7.485669542725972,1
restart_selection,stag_hunt,standard_pg,43,11,7.485669542725972,1
restart_selection,stag_hunt,standard_pg,43,12,7.485669542725972,1
restart_selection,stag_hunt,standard_pg,44,1,7.647203370574612,1
restart_selection,stag_hunt,standard_pg,44,2,7.647203370574612,1
restart_selection,stag_hunt,standard_pg,44,3,7.647203370574612,1
restart_selection,stag_hunt,standard_pg,44,4,7.659675698336901,1
restart_selection,stag_hunt,standard_pg,44,5,7.659675698336901,1
restart_selection,stag_hunt,standard_pg,44,6,7.659675698336901,1
restart_selection,stag_hunt,standard_pg,44,7,7.659675698336901,1
restart_selection,stag_hunt,standard_pg,44,8,7.659675698336901,1
restart_selection,stag_hunt,standard_pg,44,9,7.659675698336901,1
restart_selection,stag_hunt,standard_pg,44,10,7.659675698336901,1
restart_selection,stag_hunt,standard_pg,44,11,7.710650009713053,1
restart_selection,stag_hunt,standard_pg,44,12,7.710650009713053,1
restart_selection,stag_hunt,standard_pg,45,1,3.9733970316273615,0
restart_selection,stag_hunt,standard_pg,45,2,7.4110684070424995,1
restart_selection,stag_hunt,standard_pg,45,3,7.4110684070424995,1
restart_selection,stag_hunt,standard_pg,45,4,7.4110684070424995,1
restart_selection,stag_hunt,standard_pg,45,5,7.4110684070424995,1
restart_selection,stag_hunt,standard_pg,45,6,7.667342003562542,1
restart_selection,stag_hunt,standard_pg,45,7,7.667342003562542,1
restart_selection,stag_hunt,standard_pg,45,8,7.667342003562542,1
restart_selection,stag_hunt,standard_pg,45,9,7.667342003562542,1
restart_selection,stag_hunt,standard_pg,45,10,7.695620397143928,1
restart_selection,stag_hunt,standard_pg,45,11,7.756293898629126,1
restart_selection,stag_hunt,standard_pg,45,12,7.756293898629126,1
restart_selection,stag_hunt,standard_pg,46,1,7.7335694774243695,1
restart_selection,stag_hunt,standard_pg,46,2,7.7335694774243695,1
restart_selection,stag_hunt,standard_pg,46,3,7.7335694774243695,1
restart_selection,stag_hunt,standard_pg,46,4,7.7335694774243695,1
restart_selection,stag_hunt,standard_pg,46,5,7.7335694774243695,1
restart_selection,stag_hunt,standard_pg,46,6,7.7335694774243695,1
restart_selection,stag_hunt,standard_pg,46,7,7.813842552297837,1
restart_selection,stag_hunt,standard_pg,46,8,7.813842552297837,1
restart_selection,stag_hunt,standard_pg,46,9,7.813842552297837,1
restart_selection,stag_hunt,standard_pg,46,10,7.813842552297837,1
restart_selection,stag_hunt,standard_pg,46,11,7.813842552297837,1
restart_selection,stag_hunt,standard_pg,46,12,7.813842552297837,1
restart_selection,stag_hunt,standard_pg,47,1,3.9747589436225166,0
restart_selection,stag_hunt,standard_pg,47,2,3.9747589436225166,0
restart_selection,stag_hunt,standard_pg,47,3,7.7722100028562835,1
restart_selection,stag_hunt,standard_pg,47,4,7.7722100028562835,1
restart_selection,stag_hunt,standard_pg,47,5,7.7722100028562835,1
restart_selection,stag_hunt,standard_pg,47,6,7.7722100028562835,1
restart_selection,stag_hunt,standard_pg,47,7,7.7722100028562835,1
restart_selection,stag_hunt,standard_pg,47,8,7.7722100028562835,1
restart_selection,stag_hunt,standard_pg,47,9,7.7722100028562835,1
restart_selection,stag_hunt,standard_pg,47,10,7.7722100028562835,1
restart_selection,stag_hunt,standard_pg,47,11,7.7722100028562835,1
restart_selection,stag_hunt,standard_pg,47,12,7.7722100028562835,1
restart_selection,stag_hunt,standard_pg,48,1,7.703914791615633,1
restart_selection,stag_hunt,standard_pg,48,2,7.703914791615633,1
restart_selection,stag_hunt,standard_pg,48,3,7.703914791615633,1
restart_selection,stag_hunt,standard_pg,48,4,7.703914791615633,1
restart_selection,stag_hunt,standard_pg,48,5,7.703914791615633,1
restart_selection,stag_hunt,standard_pg,48,6,7.703914791615633,1
restart_selection,stag_hunt,standard_pg,48,7,7.71091086004966,1
restart_selection,stag_hunt,standard_pg,48,8,7.755302365773121,1
restart_selection,stag_hunt,standard_pg,48,9,7.755302365773121,1
restart_selection,stag_hunt,standard_pg,48,10,7.81292161453044,1
restart_selection,stag_hunt,standard_pg,48,11,7.81292161453044,1
restart_selection,stag_hunt,standard_pg,48,12,7.81292161453044,1
restart_selection,stag_hunt,standard_pg,49,1,7.769623647007723,1
restart_selection,stag_hunt,standard_pg,49,2,7.769623647007723,1
restart_selection,stag_hunt,standard_pg,49,3,7.769623647007723,1
restart_selection,stag_hunt,standard_pg,49,4,7.769623647007723,1
restart_selection,stag_hunt,standard_pg,49,5,7.769623647007723,1
restart_selection,stag_hunt,standard_pg,49,6,7.769623647007723,1
restart_selection,stag_hunt,standard_pg,49,7,7.769623647007723,1
restart_selection,stag_hunt,standard_pg,49,8,7.769623647007723,1
restart_selection,stag_hunt,standard_pg,49,9,7.769623647007723,1
restart_selection,stag_hunt,standard_pg,49,10,7.769623647007723,1
restart_selection,stag_hunt,standard_pg,49,11,7.769623647007723,1
restart_selection,stag_hunt,standard_pg,49,12,7.769623647007723,1
restart_selection,stag_hunt,meta_mapg,0,1,3.977807900148396,0
restart_selection,stag_hunt,meta_mapg,0,2,3.977807900148396,0
restart_selection,stag_hunt,meta_mapg,0,3,7.739150171555478,1
restart_selection,stag_hunt,meta_mapg,0,4,7.758085865668801,1
restart_selection,stag_hunt,meta_mapg,0,5,7.758085865668801,1
restart_selection,stag_hunt,meta_mapg,0,6,7.758085865668801,1
restart_selection,stag_hunt,meta_mapg,0,7,7.758085865668801,1
restart_selection,stag_hunt,meta_mapg,0,8,7.758085865668801,1
restart_selection,stag_hunt,meta_mapg,0,9,7.758085865668801,1
restart_selection,stag_hunt,meta_mapg,0,10,7.758085865668801,1
restart_selection,stag_hunt,meta_mapg,0,11,7.758085865668801,1
restart_selection,stag_hunt,meta_mapg,0,12,7.758085865668801,1
restart_selection,stag_hunt,meta_mapg,1,1,3.974121445061761,0
restart_selection,stag_hunt,meta_mapg,1,2,7.639502025504225,1
restart_selection,stag_hunt,meta_mapg,1,3,7.761263125045311,1
restart_selection,stag_hunt,meta_mapg,1,4,7.761263125045311,1
restart_selection,stag_hunt,meta_mapg,1,5,7.761263125045311,1
restart_selection,stag_hunt,meta_mapg,1,6,7.761263125045311,1
restart_selection,stag_hunt,meta_mapg,1,7,7.761263125045311,1
restart_selection,stag_hunt,meta_mapg,1,8,7.761263125045311,1
restart_selection,stag_hunt,meta_mapg,1,9,7.761263125045311,1
restart_selection,stag_hunt,meta_mapg,1,10,7.761263125045311,1
restart_selection,stag_hunt,meta_mapg,1,11,7.761263125045311,1
restart_selection,stag_hunt,meta_mapg,1,12,7.761263125045311,1
restart_selection,stag_hunt,meta_mapg,2,1,3.9707085303219722,0
restart_selection,stag_hunt,meta_mapg,2,2,7.700537958123537,1
restart_selection,stag_hunt,meta_mapg,2,3,7.700537958123537,1
restart_selection,stag_hunt,meta_mapg,2,4,7.700537958123537,1
restart_selection,stag_hunt,meta_mapg,2,5,7.700537958123537,1
restart_selection,stag_hunt,meta_mapg,2,6,7.754310786230329,1
restart_selection,stag_hunt,meta_mapg,2,7,7.754310786230329,1
restart_selection,stag_hunt,meta_mapg,2,8,7.754310786230329,1
restart_selection,stag_hunt,meta_mapg,2,9,7.754310786230329,1
restart_selection,stag_hunt,meta_mapg,2,10,7.754310786230329,1
restart_selection,stag_hunt,meta_mapg,2,11,7.754310786230329,1
restart_selection,stag_hunt,meta_mapg,2,12,7.754310786230329,1
restart_selection,stag_hunt,meta_mapg,3,1,7.772116518282849,1
restart_selection,stag_hunt,meta_mapg,3,2,7.772116518282849,1
restart_selection,stag_hunt,meta_mapg,3,3,7.7762548240304525,1
restart_selection,stag_hunt,meta_mapg,3,4,7.7762548240304525,1
restart_selection,stag_hunt,meta_mapg,3,5,7.7762548240304525,1
restart_selection,stag_hunt,meta_mapg,3,6,7.7762548240304525,1
restart_selection,stag_hunt,meta_mapg,3,7,7.7762548240304525,1
restart_selection,stag_hunt,meta_mapg,3,8,7.7762548240304525,1
restart_selection,stag_hunt,meta_mapg,3,9,7.7762548240304525,1
restart_selection,stag_hunt,meta_mapg,3,10,7.7762548240304525,1
restart_selection,stag_hunt,meta_mapg,3,11,7.7762548240304525,1
restart_selection,stag_hunt,meta_mapg,3,12,7.7762548240304525,1
restart_selection,stag_hunt,meta_mapg,4,1,3.973189622111649,0
restart_selection,stag_hunt,meta_mapg,4,2,3.975258577917095,0
restart_selection,stag_hunt,meta_mapg,4,3,3.975258577917095,0
restart_selection,stag_hunt,meta_mapg,4,4,7.728718481760332,1
restart_selection,stag_hunt,meta_mapg,4,5,7.728718481760332,1
restart_selection,stag_hunt,meta_mapg,4,6,7.728718481760332,1
restart_selection,stag_hunt,meta_mapg,4,7,7.728718481760332,1
restart_selection,stag_hunt,meta_mapg,4,8,7.745632836255822,1
restart_selection,stag_hunt,meta_mapg,4,9,7.745632836255822,1
restart_selection,stag_hunt,meta_mapg,4,10,7.745632836255822,1
restart_selection,stag_hunt,meta_mapg,4,11,7.745632836255822,1
restart_selection,stag_hunt,meta_mapg,4,12,7.782721322708578,1
restart_selection,stag_hunt,meta_mapg,5,1,3.9627620617232764,0
restart_selection,stag_hunt,meta_mapg,5,2,7.699682327122588,1
restart_selection,stag_hunt,meta_mapg,5,3,7.699682327122588,1
restart_selection,stag_hunt,meta_mapg,5,4,7.699682327122588,1
restart_selection,stag_hunt,meta_mapg,5,5,7.699682327122588,1
restart_selection,stag_hunt,meta_mapg,5,6,7.699682327122588,1
restart_selection,stag_hunt,meta_mapg,5,7,7.699682327122588,1
restart_selection,stag_hunt,meta_mapg,5,8,7.699682327122588,1
restart_selection,stag_hunt,meta_mapg,5,9,7.699682327122588,1
restart_selection,stag_hunt,meta_mapg,5,10,7.699682327122588,1
restart_selection,stag_hunt,meta_mapg,5,11,7.764970525875201,1
restart_selection,stag_hunt,meta_mapg,5,12,7.764970525875201,1
restart_selection,stag_hunt,meta_mapg,6,1,7.655113426162449,1
restart_selection,stag_hunt,meta_mapg,6,2,7.657938676974998,1
restart_selection,stag_hunt,meta_mapg,6,3,7.685052431381569,1
restart_selection,stag_hunt,meta_mapg,6,4,7.685052431381569,1
restart_selection,stag_hunt,meta_mapg,6,5,7.782600153598259,1
restart_selection,stag_hunt,meta_mapg,6,6,7.782600153598259,1
restart_selection,stag_hunt,meta_mapg,6,7,7.782600153598259,1
restart_selection,stag_hunt,meta_mapg,6,8,7.782600153598259,1
restart_selection,stag_hunt,meta_mapg,6,9,7.782600153598259,1
restart_selection,stag_hunt,meta_mapg,6,10,7.782600153598259,1
restart_selection,stag_hunt,meta_mapg,6,11,7.782600153598259,1
restart_selection,stag_hunt,meta_mapg,6,12,7.782600153598259,1
restart_selection,stag_hunt,meta_mapg,7,1,3.9761157978677977,0
restart_selection,stag_hunt,meta_mapg,7,2,3.9761157978677977,0
restart_selection,stag_hunt,meta_mapg,7,3,3.9761157978677977,0
restart_selection,stag_hunt,meta_mapg,7,4,7.747988374421923,1
restart_selection,stag_hunt,meta_mapg,7,5,7.747988374421923,1
restart_selection,stag_hunt,meta_mapg,7,6,7.747988374421923,1
restart_selection,stag_hunt,meta_mapg,7,7,7.747988374421923,1
restart_selection,stag_hunt,meta_mapg,7,8,7.747988374421923,1
restart_selection,stag_hunt,meta_mapg,7,9,7.747988374421923,1
restart_selection,stag_hunt,meta_mapg,7,10,7.747988374421923,1
restart_selection,stag_hunt,meta_mapg,7,11,7.747988374421923,1
restart_selection,stag_hunt,meta_mapg,7,12,7.747988374421923,1
restart_selection,stag_hunt,meta_mapg,8,1,7.745457801983935,1
restart_selection,stag_hunt,meta_mapg,8,2,7.745457801983935,1
restart_selection,stag_hunt,meta_mapg,8,3,7.745457801983935,1
restart_selection,stag_hunt,meta_mapg,8,4,7.745457801983935,1
restart_selection,stag_hunt,meta_mapg,8,5,7.79177047461341,1
restart_selection,stag_hunt,meta_mapg,8,6,7.79177047461341,1
restart_selection,stag_hunt,meta_mapg,8,7,7.79177047461341,1
restart_selection,stag_hunt,meta_mapg,8,8,7.79177047461341,1
restart_selection,stag_hunt,meta_mapg,8,9,7.79177047461341,1
restart_selection,stag_hunt,meta_mapg,8,10,7.79177047461341,1
restart_selection,stag_hunt,meta_mapg,8,11,7.79177047461341,1
restart_selection,stag_hunt,meta_mapg,8,12,7.79177047461341,1
restart_selection,stag_hunt,meta_mapg,9,1,3.9719939274788576,0
restart_selection,stag_hunt,meta_mapg,9,2,7.7191815951382665,1
restart_selection,stag_hunt,meta_mapg,9,3,7.7191815951382665,1
restart_selection,stag_hunt,meta_mapg,9,4,7.7191815951382665,1
restart_selection,stag_hunt,meta_mapg,9,5,7.7191815951382665,1
restart_selection,stag_hunt,meta_mapg,9,6,7.7191815951382665,1
restart_selection,stag_hunt,meta_mapg,9,7,7.760911890492595,1
restart_selection,stag_hunt,meta_mapg,9,8,7.760911890492595,1
restart_selection,stag_hunt,meta_mapg,9,9,7.760911890492595,1
restart_selection,stag_hunt,meta_mapg,9,10,7.760911890492595,1
restart_selection,stag_hunt,meta_mapg,9,11,7.760911890492595,1
restart_selection,stag_hunt,meta_mapg,9,12,7.760911890492595,1
restart_selection,stag_hunt,meta_mapg,10,1,7.664143904279035,1
restart_selection,stag_hunt,meta_mapg,10,2,7.666501187532248,1
restart_selection,stag_hunt,meta_mapg,10,3,7.666501187532248,1
restart_selection,stag_hunt,meta_mapg,10,4,7.778412222261414,1
restart_selection,stag_hunt,meta_mapg,10,5,7.778412222261414,1
restart_selection,stag_hunt,meta_mapg,10,6,7.778412222261414,1
restart_selection,stag_hunt,meta_mapg,10,7,7.797472091952777,1
restart_selection,stag_hunt,meta_mapg,10,8,7.797472091952777,1
restart_selection,stag_hunt,meta_mapg,10,9,7.797472091952777,1
restart_selection,stag_hunt,meta_mapg,10,10,7.797472091952777,1
restart_selection,stag_hunt,meta_mapg,10,11,7.797472091952777,1
restart_selection,stag_hunt,meta_mapg,10,12,7.797472091952777,1
restart_selection,stag_hunt,meta_mapg,11,1,6.563997362241672,1
restart_selection,stag_hunt,meta_mapg,11,2,6.563997362241672,1
restart_selection,stag_hunt,meta_mapg,11,3,6.563997362241672,1
restart_selection,stag_hunt,meta_mapg,11,4,6.563997362241672,1
restart_selection,stag_hunt,meta_mapg,11,5,7.649116083623712,1
restart_selection,stag_hunt,meta_mapg,11,6,7.649116083623712,1
restart_selection,stag_hunt,meta_mapg,11,7,7.649116083623712,1
restart_selection,stag_hunt,meta_mapg,11,8,7.649116083623712,1
restart_selection,stag_hunt,meta_mapg,11,9,7.715146621990388,1
restart_selection,stag_hunt,meta_mapg,11,10,7.715146621990388,1
restart_selection,stag_hunt,meta_mapg,11,11,7.715146621990388,1
restart_selection,stag_hunt,meta_mapg,11,12,7.715146621990388,1
restart_selection,stag_hunt,meta_mapg,12,1,7.736562283172395,1
restart_selection,stag_hunt,meta_mapg,12,2,7.736562283172395,1
restart_selection,stag_hunt,meta_mapg,12,3,7.736562283172395,1
restart_selection,stag_hunt,meta_mapg,12,4,7.736562283172395,1
restart_selection,stag_hunt,meta_mapg,12,5,7.805885980498552,1
restart_selection,stag_hunt,meta_mapg,12,6,7.805885980498552,1
restart_selection,stag_hunt,meta_mapg,12,7,7.805885980498552,1
restart_selection,stag_hunt,meta_mapg,12,8,7.805885980498552,1
restart_selection,stag_hunt,meta_mapg,12,9,7.805885980498552,1
restart_selection,stag_hunt,meta_mapg,12,10,7.805885980498552,1
restart_selection,stag_hunt,meta_mapg,12,11,7.805885980498552,1
restart_selection,stag_hunt,meta_mapg,12,12,7.805885980498552,1
restart_selection,stag_hunt,meta_mapg,13,1,7.760972929009137,1
restart_selection,stag_hunt,meta_mapg,13,2,7.760972929009137,1
restart_selection,stag_hunt,meta_mapg,13,3,7.760972929009137,1
restart_selection,stag_hunt,meta_mapg,13,4,7.760972929009137,1
restart_selection,stag_hunt,meta_mapg,13,5,7.760972929009137,1
restart_selection,stag_hunt,meta_mapg,13,6,7.760972929009137,1
restart_selection,stag_hunt,meta_mapg,13,7,7.760972929009137,1
restart_selection,stag_hunt,meta_mapg,13,8,7.760972929009137,1
restart_selection,stag_hunt,meta_mapg,13,9,7.760972929009137,1
restart_selection,stag_hunt,meta_mapg,13,10,7.760972929009137,1
restart_selection,stag_hunt,meta_mapg,13,11,7.760972929009137,1
restart_selection,stag_hunt,meta_mapg,13,12,7.760972929009137,1
restart_selection,stag_hunt,meta_mapg,14,1,7.565299260682949,1
restart_selection,stag_hunt,meta_mapg,14,2,7.565299260682949,1
restart_selection,stag_hunt,meta_mapg,14,3,7.565299260682949,1
restart_selection,stag_hunt,meta_mapg,14,4,7.565299260682949,1
restart_selection,stag_hunt,meta_mapg,14,5,7.74178194635032,1
restart_selection,stag_hunt,meta_mapg,14,6,7.74178194635032,1
restart_selection,stag_hunt,meta_mapg,14,7,7.74178194635032,1
restart_selection,stag_hunt,meta_mapg,14,8,7.74178194635032,1
restart_selection,stag_hunt,meta_mapg,14,9,7.74178194635032,1
restart_selection,stag_hunt,meta_mapg,14,10,7.74178194635032,1
restart_selection,stag_hunt,meta_mapg,14,11,7.74178194635032,1
restart_selection,stag_hunt,meta_mapg,14,12,7.74178194635032,1
restart_selection,stag_hunt,meta_mapg,15,1,7.607099277448331,1
restart_selection,stag_hunt,meta_mapg,15,2,7.715887793739977,1
restart_selection,stag_hunt,meta_mapg,15,3,7.715887793739977,1
restart_selection,stag_hunt,meta_mapg,15,4,7.715887793739977,1
restart_selection,stag_hunt,meta_mapg,15,5,7.788561512149801,1
restart_selection,stag_hunt,meta_mapg,15,6,7.788561512149801,1
restart_selection,stag_hunt,meta_mapg,15,7,7.788561512149801,1
restart_selection,stag_hunt,meta_mapg,15,8,7.788561512149801,1
restart_selection,stag_hunt,meta_mapg,15,9,7.788561512149801,1
restart_selection,stag_hunt,meta_mapg,15,10,7.788561512149801,1
restart_selection,stag_hunt,meta_mapg,15,11,7.788561512149801,1
restart_selection,stag_hunt,meta_mapg,15,12,7.788561512149801,1
restart_selection,stag_hunt,meta_mapg,16,1,3.975999751386859,0
restart_selection,stag_hunt,meta_mapg,16,2,3.975999751386859,0
restart_selection,stag_hunt,meta_mapg,16,3,3.975999751386859,0
restart_selection,stag_hunt,meta_mapg,16,4,3.9771855184841742,0
restart_selection,stag_hunt,meta_mapg,16,5,3.977794194339322,0
restart_selection,stag_hunt,meta_mapg,16,6,3.977794194339322,0
restart_selection,stag_hunt,meta_mapg,16,7,7.668512266984869,1
restart_selection,stag_hunt,meta_mapg,16,8,7.668512266984869,1
restart_selection,stag_hunt,meta_mapg,16,9,7.668512266984869,1
restart_selection,stag_hunt,meta_mapg,16,10,7.668512266984869,1
restart_selection,stag_hunt,meta_mapg,16,11,7.668512266984869,1
restart_selection,stag_hunt,meta_mapg,16,12,7.668512266984869,1
restart_selection,stag_hunt,meta_mapg,17,1,3.976338362867053,0
restart_selection,stag_hunt,meta_mapg,17,2,7.760742156635891,1
restart_selection,stag_hunt,meta_mapg,17,3,7.760742156635891,1
restart_selection,stag_hunt,meta_mapg,17,4,7.760742156635891,1
restart_selection,stag_hunt,meta_mapg,17,5,7.760742156635891,1
restart_selection,stag_hunt,meta_mapg,17,6,7.760742156635891,1
restart_selection,stag_hunt,meta_mapg,17,7,7.760742156635891,1
restart_selection,stag_hunt,meta_mapg,17,8,7.760742156635891,1
restart_selection,stag_hunt,meta_mapg,17,9,7.760742156635891,1
restart_selection,stag_hunt,meta_mapg,17,10,7.760742156635891,1
restart_selection,stag_hunt,meta_mapg,17,11,7.788921807747803,1
restart_selection,stag_hunt,meta_mapg,17,12,7.788921807747803,1
restart_selection,stag_hunt,meta_mapg,18,1,3.9607203694646893,0
restart_selection,stag_hunt,meta_mapg,18,2,3.96543096918972,0
restart_selection,stag_hunt,meta_mapg,18,3,3.974275535867865,0
restart_selection,stag_hunt,meta_mapg,18,4,7.5129744361530815,1
restart_selection,stag_hunt,meta_mapg,18,5,7.628676607082284,1
restart_selection,stag_hunt,meta_mapg,18,6,7.782590356047812,1
restart_selection,stag_hunt,meta_mapg,18,7,7.782590356047812,1
restart_selection,stag_hunt,meta_mapg,18,8,7.782590356047812,1
restart_selection,stag_hunt,meta_mapg,18,9,7.782590356047812,1
restart_selection,stag_hunt,meta_mapg,18,10,7.782590356047812,1
restart_selection,stag_hunt,meta_mapg,18,11,7.782590356047812,1
restart_selection,stag_hunt,meta_mapg,18,12,7.782590356047812,1
restart_selection,stag_hunt,meta_mapg,19,1,7.740329555430771,1
restart_selection,stag_hunt,meta_mapg,19,2,7.771863894308092,1
restart_selection,stag_hunt,meta_mapg,19,3,7.771863894308092,1
restart_selection,stag_hunt,meta_mapg,19,4,7.771863894308092,1
restart_selection,stag_hunt,meta_mapg,19,5,7.771863894308092,1
restart_selection,stag_hunt,meta_mapg,19,6,7.771863894308092,1
restart_selection,stag_hunt,meta_mapg,19,7,7.771863894308092,1
restart_selection,stag_hunt,meta_mapg,19,8,7.771863894308092,1
restart_selection,stag_hunt,meta_mapg,19,9,7.771863894308092,1
restart_selection,stag_hunt,meta_mapg,19,10,7.771863894308092,1
restart_selection,stag_hunt,meta_mapg,19,11,7.77515364753451,1
restart_selection,stag_hunt,meta_mapg,19,12,7.77515364753451,1
restart_selection,stag_hunt,meta_mapg,20,1,3.968870057131255,0
restart_selection,stag_hunt,meta_mapg,20,2,3.97292279283036,0
restart_selection,stag_hunt,meta_mapg,20,3,7.756321603920413,1
restart_selection,stag_hunt,meta_mapg,20,4,7.756321603920413,1
restart_selection,stag_hunt,meta_mapg,20,5,7.756321603920413,1
restart_selection,stag_hunt,meta_mapg,20,6,7.756321603920413,1
restart_selection,stag_hunt,meta_mapg,20,7,7.756321603920413,1
restart_selection,stag_hunt,meta_mapg,20,8,7.756321603920413,1
restart_selection,stag_hunt,meta_mapg,20,9,7.756321603920413,1
restart_selection,stag_hunt,meta_mapg,20,10,7.756321603920413,1
restart_selection,stag_hunt,meta_mapg,20,11,7.756321603920413,1
restart_selection,stag_hunt,meta_mapg,20,12,7.756321603920413,1
restart_selection,stag_hunt,meta_mapg,21,1,3.9699328162133805,0
restart_selection,stag_hunt,meta_mapg,21,2,7.5203474725579635,1
restart_selection,stag_hunt,meta_mapg,21,3,7.80948975823819,1
restart_selection,stag_hunt,meta_mapg,21,4,7.80948975823819,1
restart_selection,stag_hunt,meta_mapg,21,5,7.80948975823819,1
restart_selection,stag_hunt,meta_mapg,21,6,7.80948975823819,1
restart_selection,stag_hunt,meta_mapg,21,7,7.80948975823819,1
restart_selection,stag_hunt,meta_mapg,21,8,7.80948975823819,1
restart_selection,stag_hunt,meta_mapg,21,9,7.80948975823819,1
restart_selection,stag_hunt,meta_mapg,21,10,7.80948975823819,1
restart_selection,stag_hunt,meta_mapg,21,11,7.80948975823819,1
restart_selection,stag_hunt,meta_mapg,21,12,7.80948975823819,1
restart_selection,stag_hunt,meta_mapg,22,1,7.7472650390087345,1
restart_selection,stag_hunt,meta_mapg,22,2,7.7472650390087345,1
restart_selection,stag_hunt,meta_mapg,22,3,7.7472650390087345,1
restart_selection,stag_hunt,meta_mapg,22,4,7.7472650390087345,1
restart_selection,stag_hunt,meta_mapg,22,5,7.7472650390087345,1
restart_selection,stag_hunt,meta_mapg,22,6,7.7472650390087345,1
restart_selection,stag_hunt,meta_mapg,22,7,7.7472650390087345,1
restart_selection,stag_hunt,meta_mapg,22,8,7.7472650390087345,1
restart_selection,stag_hunt,meta_mapg,22,9,7.7472650390087345,1
restart_selection,stag_hunt,meta_mapg,22,10,7.7472650390087345,1
restart_selection,stag_hunt,meta_mapg,22,11,7.7472650390087345,1
restart_selection,stag_hunt,meta_mapg,22,12,7.7472650390087345,1
restart_selection,stag_hunt,meta_mapg,23,1,7.7620932881874065,1
restart_selection,stag_hunt,meta_mapg,23,2,7.7620932881874065,1
restart_selection,stag_hunt,meta_mapg,23,3,7.7620932881874065,1
restart_selection,stag_hunt,meta_mapg,23,4,7.7620932881874065,1
restart_selection,stag_hunt,meta_mapg,23,5,7.7620932881874065,1
restart_selection,stag_hunt,meta_mapg,23,6,7.7620932881874065,1
restart_selection,stag_hunt,meta_mapg,23,7,7.7620932881874065,1
restart_selection,stag_hunt,meta_mapg,23,8,7.7620932881874065,1
restart_selection,stag_hunt,meta_mapg,23,9,7.7620932881874065,1
restart_selection,stag_hunt,meta_mapg,23,10,7.7620932881874065,1
restart_selection,stag_hunt,meta_mapg,23,11,7.7620932881874065,1
restart_selection,stag_hunt,meta_mapg,23,12,7.7620932881874065,1
restart_selection,stag_hunt,meta_mapg,24,1,3.9751773835960957,0
restart_selection,stag_hunt,meta_mapg,24,2,7.797900804483305,1
restart_selection,stag_hunt,meta_mapg,24,3,7.797900804483305,1
restart_selection,stag_hunt,meta_mapg,24,4,7.797900804483305,1
restart_selection,stag_hunt,meta_mapg,24,5,7.797900804483305,1
restart_selection,stag_hunt,meta_mapg,24,6,7.797900804483305,1
restart_selection,stag_hunt,meta_mapg,24,7,7.797900804483305,1
restart_selection,stag_hunt,meta_mapg,24,8,7.797900804483305,1
restart_selection,stag_hunt,meta_mapg,24,9,7.797900804483305,1
restart_selection,stag_hunt,meta_mapg,24,10,7.797900804483305,1
restart_selection,stag_hunt,meta_mapg,24,11,7.797900804483305,1
restart_selection,stag_hunt,meta_mapg,24,12,7.797900804483305,1
restart_selection,stag_hunt,meta_mapg,25,1,7.804618378344973,1
restart_selection,stag_hunt,meta_mapg,25,2,7.804618378344973,1
restart_selection,stag_hunt,meta_mapg,25,3,7.804618378344973,1
restart_selection,stag_hunt,meta_mapg,25,4,7.804618378344973,1
restart_selection,stag_hunt,meta_mapg,25,5,7.804618378344973,1
restart_selection,stag_hunt,meta_mapg,25,6,7.804618378344973,1
restart_selection,stag_hunt,meta_mapg,25,7,7.804618378344973,1
restart_selection,stag_hunt,meta_mapg,25,8,7.804618378344973,1
restart_selection,stag_hunt,meta_mapg,25,9,7.804618378344973,1
restart_selection,stag_hunt,meta_mapg,25,10,7.804618378344973,1
restart_selection,stag_hunt,meta_mapg,25,11,7.804618378344973,1
restart_selection,stag_hunt,meta_mapg,25,12,7.804618378344973,1
restart_selection,stag_hunt,meta_mapg,26,1,7.766616308403997,1
restart_selection,stag_hunt,meta_mapg,26,2,7.766616308403997,1
restart_selection,stag_hunt,meta_mapg,26,3,7.766616308403997,1
restart_selection,stag_hunt,meta_mapg,26,4,7.766616308403997,1
restart_selection,stag_hunt,meta_mapg,26,5,7.766616308403997,1
restart_selection,stag_hunt,meta_mapg,26,6,7.766616308403997,1
restart_selection,stag_hunt,meta_mapg,26,7,7.766616308403997,1
restart_selection,stag_hunt,meta_mapg,26,8,7.766616308403997,1
restart_selection,stag_hunt,meta_mapg,26,9,7.766616308403997,1
restart_selection,stag_hunt,meta_mapg,26,10,7.766616308403997,1
restart_selection,stag_hunt,meta_mapg,26,11,7.766616308403997,1
restart_selection,stag_hunt,meta_mapg,26,12,7.766616308403997,1
restart_selection,stag_hunt,meta_mapg,27,1,3.977887343832013,0
restart_selection,stag_hunt,meta_mapg,27,2,7.540302780092107,1
restart_selection,stag_hunt,meta_mapg,27,3,7.540302780092107,1
restart_selection,stag_hunt,meta_mapg,27,4,7.540302780092107,1
restart_selection,stag_hunt,meta_mapg,27,5,7.692137784567599,1
restart_selection,stag_hunt,meta_mapg,27,6,7.692137784567599,1
restart_selection,stag_hunt,meta_mapg,27,7,7.692137784567599,1
restart_selection,stag_hunt,meta_mapg,27,8,7.692137784567599,1
restart_selection,stag_hunt,meta_mapg,27,9,7.692137784567599,1
restart_selection,stag_hunt,meta_mapg,27,10,7.692137784567599,1
restart_selection,stag_hunt,meta_mapg,27,11,7.692137784567599,1
restart_selection,stag_hunt,meta_mapg,27,12,7.705113766989737,1
restart_selection,stag_hunt,meta_mapg,28,1,3.9665887528449497,0
restart_selection,stag_hunt,meta_mapg,28,2,3.979136746434398,0
restart_selection,stag_hunt,meta_mapg,28,3,3.979136746434398,0
restart_selection,stag_hunt,meta_mapg,28,4,7.643331176763695,1
restart_selection,stag_hunt,meta_mapg,28,5,7.643331176763695,1
restart_selection,stag_hunt,meta_mapg,28,6,7.643331176763695,1
restart_selection,stag_hunt,meta_mapg,28,7,7.643331176763695,1
restart_selection,stag_hunt,meta_mapg,28,8,7.720222328565278,1
restart_selection,stag_hunt,meta_mapg,28,9,7.736894547125688,1
restart_selection,stag_hunt,meta_mapg,28,10,7.736894547125688,1
restart_selection,stag_hunt,meta_mapg,28,11,7.736894547125688,1
restart_selection,stag_hunt,meta_mapg,28,12,7.736894547125688,1
restart_selection,stag_hunt,meta_mapg,29,1,3.9675391835362177,0
restart_selection,stag_hunt,meta_mapg,29,2,7.688935230122722,1
restart_selection,stag_hunt,meta_mapg,29,3,7.688935230122722,1
restart_selection,stag_hunt,meta_mapg,29,4,7.783595313511903,1
restart_selection,stag_hunt,meta_mapg,29,5,7.783595313511903,1
restart_selection,stag_hunt,meta_mapg,29,6,7.783595313511903,1
restart_selection,stag_hunt,meta_mapg,29,7,7.783595313511903,1
restart_selection,stag_hunt,meta_mapg,29,8,7.783595313511903,1
restart_selection,stag_hunt,meta_mapg,29,9,7.783595313511903,1
restart_selection,stag_hunt,meta_mapg,29,10,7.783595313511903,1
restart_selection,stag_hunt,meta_mapg,29,11,7.783595313511903,1
restart_selection,stag_hunt,meta_mapg,29,12,7.783595313511903,1
restart_selection,stag_hunt,meta_mapg,30,1,7.688024124801737,1
restart_selection,stag_hunt,meta_mapg,30,2,7.688024124801737,1
restart_selection,stag_hunt,meta_mapg,30,3,7.688024124801737,1
restart_selection,stag_hunt,meta_mapg,30,4,7.688024124801737,1
restart_selection,stag_hunt,meta_mapg,30,5,7.688024124801737,1
restart_selection,stag_hunt,meta_mapg,30,6,7.688024124801737,1
restart_selection,stag_hunt,meta_mapg,30,7,7.688024124801737,1
restart_selection,stag_hunt,meta_mapg,30,8,7.688024124801737,1
restart_selection,stag_hunt,meta_mapg,30,9,7.688024124801737,1
restart_selection,stag_hunt,meta_mapg,30,10,7.688024124801737,1
restart_selection,stag_hunt,meta_mapg,30,11,7.688024124801737,1
restart_selection,stag_hunt,meta_mapg,30,12,7.688024124801737,1
restart_selection,stag_hunt,meta_mapg,31,1,3.9738926908993024,0
restart_selection,stag_hunt,meta_mapg,31,2,7.65393515085295,1
restart_selection,stag_hunt,meta_mapg,31,3,7.65393515085295,1
restart_selection,stag_hunt,meta_mapg,31,4,7.65393515085295,1
restart_selection,stag_hunt,meta_mapg,31,5,7.65393515085295,1
restart_selection,stag_hunt,meta_mapg,31,6,7.65393515085295,1
restart_selection,stag_hunt,meta_mapg,31,7,7.65393515085295,1
restart_selection,stag_hunt,meta_mapg,31,8,7.65393515085295,1
restart_selection,stag_hunt,meta_mapg,31,9,7.65393515085295,1
restart_selection,stag_hunt,meta_mapg,31,10,7.727414013643566,1
restart_selection,stag_hunt,meta_mapg,31,11,7.727414013643566,1
restart_selection,stag_hunt,meta_mapg,31,12,7.727414013643566,1
restart_selection,stag_hunt,meta_mapg,32,1,3.9445258525148676,0
restart_selection,stag_hunt,meta_mapg,32,2,7.704405786842875,1
restart_selection,stag_hunt,meta_mapg,32,3,7.771615104049041,1
restart_selection,stag_hunt,meta_mapg,32,4,7.771615104049041,1
restart_selection,stag_hunt,meta_mapg,32,5,7.78097603269937,1
restart_selection,stag_hunt,meta_mapg,32,6,7.78097603269937,1
restart_selection,stag_hunt,meta_mapg,32,7,7.78097603269937,1
restart_selection,stag_hunt,meta_mapg,32,8,7.78097603269937,1
restart_selection,stag_hunt,meta_mapg,32,9,7.78097603269937,1
restart_selection,stag_hunt,meta_mapg,32,10,7.78097603269937,1
restart_selection,stag_hunt,meta_mapg,32,11,7.78097603269937,1
restart_selection,stag_hunt,meta_mapg,32,12,7.78097603269937,1
restart_selection,stag_hunt,meta_mapg,33,1,3.974969770329483,0
restart_selection,stag_hunt,meta_mapg,33,2,3.974969770329483,0
restart_selection,stag_hunt,meta_mapg,33,3,3.974969770329483,0
restart_selection,stag_hunt,meta_mapg,33,4,3.974969770329483,0
restart_selection,stag_hunt,meta_mapg,33,5,7.756353557818915,1
restart_selection,stag_hunt,meta_mapg,33,6,7.756353557818915,1
restart_selection,stag_hunt,meta_mapg,33,7,7.756353557818915,1
restart_selection,stag_hunt,meta_mapg,33,8,7.756353557818915,1
restart_selection,stag_hunt,meta_mapg,33,9,7.756353557818915,1
restart_selection,stag_hunt,meta_mapg,33,10,7.756353557818915,1
restart_selection,stag_hunt,meta_mapg,33,11,7.756353557818915,1
restart_selection,stag_hunt,meta_mapg,33,12,7.756353557818915,1
restart_selection,stag_hunt,meta_mapg,34,1,7.768082930274767,1
restart_selection,stag_hunt,meta_mapg,34,2,7.808799027675791,1
restart_selection,stag_hunt,meta_mapg,34,3,7.808799027675791,1
restart_selection,stag_hunt,meta_mapg,34,4,7.808799027675791,1
restart_selection,stag_hunt,meta_mapg,34,5,7.808799027675791,1
restart_selection,stag_hunt,meta_mapg,34,6,7.808799027675791,1
restart_selection,stag_hunt,meta_mapg,34,7,7.808799027675791,1
restart_selection,stag_hunt,meta_mapg,34,8,7.808799027675791,1
restart_selection,stag_hunt,meta_mapg,34,9,7.808799027675791,1
restart_selection,stag_hunt,meta_mapg,34,10,7.808799027675791,1
restart_selection,stag_hunt,meta_mapg,34,11,7.808799027675791,1
restart_selection,stag_hunt,meta_mapg,34,12,7.808799027675791,1
restart_selection,stag_hunt,meta_mapg,35,1,3.975436463781322,0
restart_selection,stag_hunt,meta_mapg,35,2,7.768884129768372,1
restart_selection,stag_hunt,meta_mapg,35,3,7.768884129768372,1
restart_selection,stag_hunt,meta_mapg,35,4,7.768884129768372,1
restart_selection,stag_hunt,meta_mapg,35,5,7.768884129768372,1
restart_selection,stag_hunt,meta_mapg,35,6,7.768884129768372,1
restart_selection,stag_hunt,meta_mapg,35,7,7.768884129768372,1
restart_selection,stag_hunt,meta_mapg,35,8,7.768884129768372,1
restart_selection,stag_hunt,meta_mapg,35,9,7.768884129768372,1
restart_selection,stag_hunt,meta_mapg,35,10,7.768884129768372,1
restart_selection,stag_hunt,meta_mapg,35,11,7.768884129768372,1
restart_selection,stag_hunt,meta_mapg,35,12,7.768884129768372,1
restart_selection,stag_hunt,meta_mapg,36,1,3.9756259470676527,0
restart_selection,stag_hunt,meta_mapg,36,2,3.9756259470676527,0
restart_selection,stag_hunt,meta_mapg,36,3,3.9756259470676527,0
restart_selection,stag_hunt,meta_mapg,36,4,3.9756259470676527,0
restart_selection,stag_hunt,meta_mapg,36,5,3.9756259470676527,0
restart_selection,stag_hunt,meta_mapg,36,6,7.700062832627712,1
restart_selection,stag_hunt,meta_mapg,36,7,7.793629167278242,1
restart_selection,stag_hunt,meta_mapg,36,8,7.793629167278242,1
restart_selection,stag_hunt,meta_mapg,36,9,7.793629167278242,1
restart_selection,stag_hunt,meta_mapg,36,10,7.793629167278242,1
restart_selection,stag_hunt,meta_mapg,36,11,7.793629167278242,1
restart_selection,stag_hunt,meta_mapg,36,12,7.793629167278242,1
restart_selection,stag_hunt,meta_mapg,37,1,3.9742997925303944,0
restart_selection,stag_hunt,meta_mapg,37,2,7.667120874664181,1
restart_selection,stag_hunt,meta_mapg,37,3,7.769944535320511,1
restart_selection,stag_hunt,meta_mapg,37,4,7.769944535320511,1
restart_selection,stag_hunt,meta_mapg,37,5,7.769944535320511,1
restart_selection,stag_hunt,meta_mapg,37,6,7.769944535320511,1
restart_selection,stag_hunt,meta_mapg,37,7,7.769944535320511,1
restart_selection,stag_hunt,meta_mapg,37,8,7.769944535320511,1
restart_selection,stag_hunt,meta_mapg,37,9,7.769944535320511,1
restart_selection,stag_hunt,meta_mapg,37,10,7.769944535320511,1
restart_selection,stag_hunt,meta_mapg,37,11,7.769944535320511,1
restart_selection,stag_hunt,meta_mapg,37,12,7.769944535320511,1
restart_selection,stag_hunt,meta_mapg,38,1,7.685538868428676,1
restart_selection,stag_hunt,meta_mapg,38,2,7.706840557321669,1
restart_selection,stag_hunt,meta_mapg,38,3,7.706840557321669,1
restart_selection,stag_hunt,meta_mapg,38,4,7.706840557321669,1
restart_selection,stag_hunt,meta_mapg,38,5,7.706840557321669,1
restart_selection,stag_hunt,meta_mapg,38,6,7.706840557321669,1
restart_selection,stag_hunt,meta_mapg,38,7,7.706840557321669,1
restart_selection,stag_hunt,meta_mapg,38,8,7.7534081402165285,1
restart_selection,stag_hunt,meta_mapg,38,9,7.7534081402165285,1
restart_selection,stag_hunt,meta_mapg,38,10,7.832925857528288,1
restart_selection,stag_hunt,meta_mapg,38,11,7.832925857528288,1
restart_selection,stag_hunt,meta_mapg,38,12,7.832925857528288,1
restart_selection,stag_hunt,meta_mapg,39,1,3.973796909162852,0
restart_selection,stag_hunt,meta_mapg,39,2,3.973796909162852,0
restart_selection,stag_hunt,meta_mapg,39,3,3.973796909162852,0
restart_selection,stag_hunt,meta_mapg,39,4,3.9770905934268272,0
restart_selection,stag_hunt,meta_mapg,39,5,7.732634383032147,1
restart_selection,stag_hunt,meta_mapg,39,6,7.732634383032147,1
restart_selection,stag_hunt,meta_mapg,39,7,7.732634383032147,1
restart_selection,stag_hunt,meta_mapg,39,8,7.732634383032147,1
restart_selection,stag_hunt,meta_mapg,39,9,7.732634383032147,1
restart_selection,stag_hunt,meta_mapg,39,10,7.732634383032147,1
restart_selection,stag_hunt,meta_mapg,39,11,7.732634383032147,1
restart_selection,stag_hunt,meta_mapg,39,12,7.732634383032147,1
restart_selection,stag_hunt,meta_mapg,40,1,3.9626473680165972,0
restart_selection,stag_hunt,meta_mapg,40,2,7.6751210740329405,1
restart_selection,stag_hunt,meta_mapg,40,3,7.6751210740329405,1
restart_selection,stag_hunt,meta_mapg,40,4,7.6751210740329405,1
restart_selection,stag_hunt,meta_mapg,40,5,7.6751210740329405,1
restart_selection,stag_hunt,meta_mapg,40,6,7.749315525981954,1
restart_selection,stag_hunt,meta_mapg,40,7,7.749315525981954,1
restart_selection,stag_hunt,meta_mapg,40,8,7.749315525981954,1
restart_selection,stag_hunt,meta_mapg,40,9,7.749315525981954,1
restart_selection,stag_hunt,meta_mapg,40,10,7.749315525981954,1
restart_selection,stag_hunt,meta_mapg,40,11,7.749315525981954,1
restart_selection,stag_hunt,meta_mapg,40,12,7.749315525981954,1
restart_selection,stag_hunt,meta_mapg,41,1,7.670458284688937,1
restart_selection,stag_hunt,meta_mapg,41,2,7.670458284688937,1
restart_selection,stag_hunt,meta_mapg,41,3,7.815088919934437,1
restart_selection,stag_hunt,meta_mapg,41,4,7.815088919934437,1
restart_selection,stag_hunt,meta_mapg,41,5,7.815088919934437,1
restart_selection,stag_hunt,meta_mapg,41,6,7.815088919934437,1
restart_selection,stag_hunt,meta_mapg,41,7,7.815088919934437,1
restart_selection,stag_hunt,meta_mapg,41,8,7.815088919934437,1
restart_selection,stag_hunt,meta_mapg,41,9,7.815088919934437,1
restart_selection,stag_hunt,meta_mapg,41,10,7.815088919934437,1
restart_selection,stag_hunt,meta_mapg,41,11,7.815088919934437,1
restart_selection,stag_hunt,meta_mapg,41,12,7.815088919934437,1
restart_selection,stag_hunt,meta_mapg,42,1,3.9743014457447616,0
restart_selection,stag_hunt,meta_mapg,42,2,3.976477635414621,0
restart_selection,stag_hunt,meta_mapg,42,3,7.6326380446912845,1
restart_selection,stag_hunt,meta_mapg,42,4,7.759825482326196,1
restart_selection,stag_hunt,meta_mapg,42,5,7.759825482326196,1
restart_selection,stag_hunt,meta_mapg,42,6,7.759825482326196,1
restart_selection,stag_hunt,meta_mapg,42,7,7.759825482326196,1
restart_selection,stag_hunt,meta_mapg,42,8,7.759825482326196,1
restart_selection,stag_hunt,meta_mapg,42,9,7.759825482326196,1
restart_selection,stag_hunt,meta_mapg,42,10,7.759825482326196,1
restart_selection,stag_hunt,meta_mapg,42,11,7.759825482326196,1
restart_selection,stag_hunt,meta_mapg,42,12,7.759825482326196,1
restart_selection,stag_hunt,meta_mapg,43,1,3.9692877090752967,0
restart_selection,stag_hunt,meta_mapg,43,2,7.682223557068058,1
restart_selection,stag_hunt,meta_mapg,43,3,7.682223557068058,1
restart_selection,stag_hunt,meta_mapg,43,4,7.682223557068058,1
restart_selection,stag_hunt,meta_mapg,43,5,7.682223557068058,1
restart_selection,stag_hunt,meta_mapg,43,6,7.682223557068058,1
restart_selection,stag_hunt,meta_mapg,43,7,7.682223557068058,1
restart_selection,stag_hunt,meta_mapg,43,8,7.682223557068058,1
restart_selection,stag_hunt,meta_mapg,43,9,7.682223557068058,1
restart_selection,stag_hunt,meta_mapg,43,10,7.682223557068058,1
restart_selection,stag_hunt,meta_mapg,43,11,7.682223557068058,1
restart_selection,stag_hunt,meta_mapg,43,12,7.682223557068058,1
restart_selection,stag_hunt,meta_mapg,44,1,7.726701863139154,1
restart_selection,stag_hunt,meta_mapg,44,2,7.726701863139154,1
restart_selection,stag_hunt,meta_mapg,44,3,7.726701863139154,1
restart_selection,stag_hunt,meta_mapg,44,4,7.726701863139154,1
restart_selection,stag_hunt,meta_mapg,44,5,7.726701863139154,1
restart_selection,stag_hunt,meta_mapg,44,6,7.726701863139154,1
restart_selection,stag_hunt,meta_mapg,44,7,7.726701863139154,1
restart_selection,stag_hunt,meta_mapg,44,8,7.726701863139154,1
restart_selection,stag_hunt,meta_mapg,44,9,7.726701863139154,1
restart_selection,stag_hunt,meta_mapg,44,10,7.726701863139154,1
restart_selection,stag_hunt,meta_mapg,44,11,7.730530641729096,1
restart_selection,stag_hunt,meta_mapg,44,12,7.730530641729096,1
restart_selection,stag_hunt,meta_mapg,45,1,3.9729455812730734,0
restart_selection,stag_hunt,meta_mapg,45,2,7.668009340084144,1
restart_selection,stag_hunt,meta_mapg,45,3,7.668009340084144,1
restart_selection,stag_hunt,meta_mapg,45,4,7.668009340084144,1
restart_selection,stag_hunt,meta_mapg,45,5,7.668009340084144,1
restart_selection,stag_hunt,meta_mapg,45,6,7.704110923611861,1
restart_selection,stag_hunt,meta_mapg,45,7,7.704110923611861,1
restart_selection,stag_hunt,meta_mapg,45,8,7.704110923611861,1
restart_selection,stag_hunt,meta_mapg,45,9,7.704110923611861,1
restart_selection,stag_hunt,meta_mapg,45,10,7.724374933326157,1
restart_selection,stag_hunt,meta_mapg,45,11,7.764642556926861,1
restart_selection,stag_hunt,meta_mapg,45,12,7.764642556926861,1
restart_selection,stag_hunt,meta_mapg,46,1,7.756976906023378,1
restart_selection,stag_hunt,meta_mapg,46,2,7.756976906023378,1
restart_selection,stag_hunt,meta_mapg,46,3,7.756976906023378,1
restart_selection,stag_hunt,meta_mapg,46,4,7.756976906023378,1
restart_selection,stag_hunt,meta_mapg,46,5,7.756976906023378,1
restart_selection,stag_hunt,meta_mapg,46,6,7.756976906023378,1
restart_selection,stag_hunt,meta_mapg,46,7,7.819909615984535,1
restart_selection,stag_hunt,meta_mapg,46,8,7.819909615984535,1
restart_selection,stag_hunt,meta_mapg,46,9,7.819909615984535,1
restart_selection,stag_hunt,meta_mapg,46,10,7.819909615984535,1
restart_selection,stag_hunt,meta_mapg,46,11,7.819909615984535,1
restart_selection,stag_hunt,meta_mapg,46,12,7.819909615984535,1
restart_selection,stag_hunt,meta_mapg,47,1,3.9744104496783903,0
restart_selection,stag_hunt,meta_mapg,47,2,3.9744104496783903,0
restart_selection,stag_hunt,meta_mapg,47,3,7.776491563837942,1
restart_selection,stag_hunt,meta_mapg,47,4,7.776491563837942,1
restart_selection,stag_hunt,meta_mapg,47,5,7.776491563837942,1
restart_selection,stag_hunt,meta_mapg,47,6,7.776491563837942,1
restart_selection,stag_hunt,meta_mapg,47,7,7.776491563837942,1
restart_selection,stag_hunt,meta_mapg,47,8,7.776491563837942,1
restart_selection,stag_hunt,meta_mapg,47,9,7.776491563837942,1
restart_selection,stag_hunt,meta_mapg,47,10,7.776491563837942,1
restart_selection,stag_hunt,meta_mapg,47,11,7.776491563837942,1
restart_selection,stag_hunt,meta_mapg,47,12,7.776491563837942,1
restart_selection,stag_hunt,meta_mapg,48,1,7.735110818581262,1
restart_selection,stag_hunt,meta_mapg,48,2,7.735110818581262,1
restart_selection,stag_hunt,meta_mapg,48,3,7.735110818581262,1
restart_selection,stag_hunt,meta_mapg,48,4,7.735110818581262,1
restart_selection,stag_hunt,meta_mapg,48,5,7.735110818581262,1
restart_selection,stag_hunt,meta_mapg,48,6,7.735110818581262,1
restart_selection,stag_hunt,meta_mapg,48,7,7.7410854222439,1
restart_selection,stag_hunt,meta_mapg,48,8,7.761908754596699,1
restart_selection,stag_hunt,meta_mapg,48,9,7.761908754596699,1
restart_selection,stag_hunt,meta_mapg,48,10,7.815023080906256,1
restart_selection,stag_hunt,meta_mapg,48,11,7.815023080906256,1
restart_selection,stag_hunt,meta_mapg,48,12,7.815023080906256,1
restart_selection,stag_hunt,meta_mapg,49,1,7.7769056109591235,1
restart_selection,stag_hunt,meta_mapg,49,2,7.7769056109591235,1
restart_selection,stag_hunt,meta_mapg,49,3,7.7769056109591235,1
restart_selection,stag_hunt,meta_mapg,49,4,7.7769056109591235,1
restart_selection,stag_hunt,meta_mapg,49,5,7.7769056109591235,1
restart_selection,stag_hunt,meta_mapg,49,6,7.7769056109591235,1
restart_selection,stag_hunt,meta_mapg,49,7,7.7769056109591235,1
restart_selection,stag_hunt,meta_mapg,49,8,7.7769056109591235,1
restart_selection,stag_hunt,meta_mapg,49,9,7.7769056109591235,1
restart_selection,stag_hunt,meta_mapg,49,10,7.7769056109591235,1
restart_selection,stag_hunt,meta_mapg,49,11,7.7769056109591235,1
restart_selection,stag_hunt,meta_mapg,49,12,7.7769056109591235,1
